diagnose_kode,gyldig_fra,gyldig_til,diagnose_tekst,kodeverk_versjon
K80,2000-01-01,2099-12-31,Gallestein,ICD-10
M17,2000-01-01,2099-12-31,Artrose i kne,ICD-10
I25,2000-01-01,2099-12-31,Kronisk iskemisk hjertesykdom,ICD-10
F32,2000-01-01,2099-12-31,Depressiv episode,ICD-10
F41,2000-01-01,2099-12-31,Angstlidelse,ICD-10
F19,2000-01-01,2099-12-31,Psykiske lidelser ved blandet rusmiddelbruk,ICD-10
C50,2000-01-01,2099-12-31,Ondartet svulst i bryst,ICD-10
R51,2000-01-01,2024-06-30,Hodepine,ICD-10 rev 1
R51,2024-07-01,2099-12-31,"Hodepine, uspesifisert",ICD-10 rev 2
